Energy,counts/sec,Transmission,,
220,7433.3221,10.202442,,
219.9,7196.1762,10.202023,,
219.8,7262.7145,10.201605,,
219.7,7221.4163,10.201186,,
219.6,7034.3922,10.200767,,
219.5,6874.5706,10.200349,,
219.4,6714.0108,10.19993,,
219.3,6840.5663,10.199511,,
219.2,6828.7823,10.199093,,
219.1,6797.3773,10.198674,,
219,6720.4751,10.198255,,
218.9,6646.171,10.197836,,
218.8,6614.934,10.197418,,
218.7,6931.2706,10.196999,,
218.6,6762.3754,10.19658,,
218.5,6532.1128,10.196162,,
218.4,6507.2702,10.195743,,
218.3,6783.7801,10.195324,,
218.2,6545.8801,10.194905,,
218.1,6625.2434,10.194487,,
218,6379.3535,10.194068,,
217.9,6370.9152,10.193649,,
217.8,6346.5927,10.193231,,
217.7,6303.3838,10.192812,,
217.6,6539.2738,10.192393,,
217.5,6292.607,10.191974,,
217.4,6179.9744,10.191556,,
217.3,6079.4773,10.191137,,
217.2,6187.351,10.190718,,
217.1,6333.5404,10.190299,,
217,6072.4199,10.189881,,
216.9,5972.2175,10.189462,,
216.8,6247.5324,10.189043,,
216.7,6019.5133,10.188624,,
216.6,5734.2474,10.188205,,
216.5,5880.9013,10.187787,,
216.4,5927.3628,10.187368,,
216.3,6085.754,10.186949,,
216.2,6148.1215,10.18653,,
216.1,5811.5545,10.186112,,
216,5925.3158,10.185693,,
215.9,5848.3678,10.185274,,
215.8,5709.21,10.184855,,
215.7,5763.2761,10.184436,,
215.6,5936.2155,10.184018,,
215.5,6020.1567,10.183599,,
215.4,6151.6295,10.18318,,
215.3,5733.7131,10.182761,,
215.2,5897.6826,10.182342,,
215.1,5884.4815,10.181924,,
215,6056.3746,10.181505,,
214.9,5683.9608,10.181086,,
214.8,5626.604,10.180667,,
214.7,5630.7039,10.180248,,
214.6,5699.0011,10.179829,,
214.5,5722.3614,10.179411,,
214.4,5398.1666,10.178992,,
214.3,5563.3959,10.178573,,
214.2,5520.5759,10.178154,,
214.1,5482.7374,10.177735,,
214,5367.5837,10.177316,,
213.9,5392.8756,10.176898,,
213.8,5410.1636,10.176479,,
213.7,5339.4804,10.17606,,
213.6,5244.1507,10.175641,,
213.5,5392.4921,10.175222,,
213.4,5399.469,10.174803,,
213.3,5452.4751,10.174385,,
213.2,5479.2644,10.173966,,
213.1,5372.9857,10.173547,,
213,5497.9038,10.173128,,
212.9,5357.6613,10.172709,,
212.8,5251.877,10.17229,,
212.7,5530.299,10.171871,,
212.6,5309.863,10.171453,,
212.5,5423.0803,10.171034,,
212.4,5573.0596,10.170615,,
212.3,5614.7696,10.170196,,
212.2,5603.4072,10.169777,,
212.1,5405.7018,10.169358,,
212,5323.6293,10.168939,,
211.9,5466.0202,10.168521,,
211.8,5765.1799,10.168102,,
211.7,6276.3879,10.167683,,
211.6,6873.6166,10.167264,,
211.5,6752.8018,10.166845,,
211.4,7651.4525,10.166426,,
211.3,8265.6327,10.166007,,
211.2,9718.0326,10.165589,,
211.1,11686.721,10.16517,,
211,13507.284,10.164751,,
210.9,15849.386,10.164332,,
210.8,19215.732,10.163913,,
210.7,22200.789,10.163494,,
210.6,26144.864,10.163075,,
210.5,29469.423,10.162657,,
210.4,32992.824,10.162238,,
210.3,34658.959,10.161819,,
210.2,35787.69,10.1614,,
210.1,34787.823,10.160981,,
210,32641.532,10.160562,,
209.9,29599.485,10.160143,,
209.8,25883.434,10.159725,,
209.7,21667.975,10.159306,,
209.6,17473.468,10.158887,,
209.5,14614.4,10.158468,,
209.4,12063.049,10.158049,,
209.3,9481.8229,10.15763,,
209.2,8302.6171,10.157211,,
209.1,7607.687,10.156793,,
209,7393.8894,10.156374,,
208.9,6989.5172,10.155955,,
208.8,7314.9187,10.155536,,
208.7,7985.4074,10.155117,,
208.6,9184.4978,10.154698,,
208.5,10424.453,10.154279,,
208.4,12473.149,10.153861,,
208.3,15169.314,10.153442,,
208.2,18446.737,10.153023,,
208.1,23091.685,10.152604,,
208,28074.617,10.152185,,
207.9,33890.362,10.151766,,
207.8,39833.764,10.151348,,
207.7,44512.574,10.150929,,
207.6,48906.654,10.15051,,
207.5,51005.123,10.150091,,
207.4,50559.039,10.149672,,
207.3,48118.496,10.149253,,
207.2,44140.528,10.148835,,
207.1,38282.43,10.148416,,
207,31636.619,10.147997,,
206.9,25238.917,10.147578,,
206.8,19729.393,10.147159,,
206.7,14852.128,10.14674,,
206.6,11148.835,10.146322,,
206.5,9040.9166,10.145903,,
206.4,7247.504,10.145484,,
206.3,6226.9479,10.145065,,
206.2,5530.0728,10.144646,,
206.1,4993.9935,10.144228,,
206,4727.6366,10.143809,,
205.9,4427.2462,10.14339,,
205.8,4221.2679,10.142971,,
205.7,4123.8887,10.142552,,
205.6,4209.0805,10.142134,,
205.5,4011.8921,10.141715,,
205.4,4120.7046,10.141296,,
205.3,4191.2555,10.140877,,
205.2,4047.6281,10.140458,,
205.1,4150.3838,10.14004,,
205,4252.5954,10.139621,,
204.9,4377.4542,10.139202,,
204.8,4294.0233,10.138783,,
204.7,4552.3157,10.138365,,
204.6,4431.9657,10.137946,,
204.5,4063.5675,10.137527,,
204.4,3793.3132,10.137108,,
204.3,3404.3852,10.136689,,
204.2,2818.3104,10.136271,,
204.1,3092.1206,10.135852,,
204,2920.208,10.135433,,
203.9,2685.199,10.135014,,
203.8,2701.616,10.134596,,
203.7,2816.1311,10.134177,,
203.6,2685.5386,10.133758,,
203.5,2989.6114,10.13334,,
203.4,3016.2839,10.132921,,
203.3,2836.9876,10.132502,,
203.2,2922.0572,10.132083,,
203.1,2986.1105,10.131665,,
203,3145.0369,10.131246,,
202.9,3256.2653,10.130827,,
202.8,3226.6638,10.130409,,
202.7,3444.9072,10.12999,,
202.6,3504.6552,10.129571,,
202.5,3808.8097,10.129152,,
202.4,3984.9752,10.128734,,
202.3,4157.7042,10.128315,,
202.2,4430.5431,10.127896,,
202.1,4582.901,10.127478,,
202,4810.903,10.127059,,
201.9,4757.0956,10.12664,,
201.8,4745.7293,10.126222,,
201.7,4028.3525,10.125803,,
201.6,3285.1572,10.125384,,
201.5,2440.2784,10.124966,,
201.4,2113.9209,10.124547,,
201.3,2242.9901,10.124129,,
201.2,2079.9153,10.12371,,
201.1,1953.4044,10.123291,,
201,1902.859,10.122873,,
200.9,1893.6592,10.122454,,
200.8,2054.9582,10.122035,,
200.7,1865.5166,10.121617,,
200.6,2106.911,10.121198,,
200.5,1974.0805,10.12078,,
200.4,1851.5463,10.120361,,
200.3,1753.9379,10.119942,,
200.2,1974.2233,10.119524,,
200.1,1976.7149,10.119105,,
200,2020.8934,10.118687,,
199.9,1793.3815,10.118268,,
199.8,1876.538,10.11785,,
199.7,2038.3822,10.117431,,
199.6,1833.4583,10.117012,,
199.5,1848.5944,10.116594,,
199.4,1746.6777,10.116175,,
199.3,1781.803,10.115757,,
199.2,1895.9105,10.115338,,
199.1,1929.3743,10.11492,,
199,1954.7026,10.114501,,
198.9,1741.5227,10.114083,,
198.8,1816.7452,10.113664,,
198.7,1797.6965,10.113246,,
198.6,1871.0663,10.112827,,
198.5,2078.4719,10.112409,,
198.4,2014.1823,10.11199,,
198.3,1930.2882,10.111572,,
198.2,1897.4531,10.111153,,
198.1,1874.7915,10.110735,,
198,1958.9977,10.110316,,
197.9,1852.938,10.109898,,
197.8,1853.9407,10.10948,,
197.7,1837.7593,10.109061,,
197.6,1695.6327,10.108643,,
197.5,1888.52,10.108224,,
197.4,1924.28,10.107806,,
197.3,1808.6659,10.107387,,
197.2,1852.4662,10.106969,,
197.1,1879.0953,10.106551,,
197,1777.5955,10.106132,,
196.9,1862.7288,10.105714,,
196.8,1860.134,10.105295,,
196.7,1936.3026,10.104877,,
196.6,1920.7219,10.104459,,
196.5,1886.296,10.10404,,
196.4,1861.4443,10.103622,,
196.3,1761.9694,10.103204,,
196.2,1983.3811,10.102785,,
196.1,1885.5419,10.102367,,
196,1907.9471,10.101949,,
195.9,1894.9461,10.10153,,
195.8,1962.6862,10.101112,,
195.7,1957.5829,10.100694,,
195.6,1912.7403,10.100275,,
195.5,1849.991,10.099857,,
195.4,1791.5439,10.099439,,
195.3,1829.2932,10.099021,,
195.2,1853.3695,10.098602,,
195.1,1833.7074,10.098184,,
195,1791.0809,10.097766,,