B.E.,Counts/sec,B.E. 2,Counts/s,B.E 3,Counts/sec,B.E. 4,Counts/sec,B.E. 5,Counts/sec
216.98,4154.873,216.718,4019.227,216.138,3610.613,216.873,3972.273,216.943,4009.527
216.88,4018.753,216.618,3964.067,216.038,3814.727,216.773,4038.653,216.843,3955.72
216.78,4177.527,216.518,4078.753,215.938,3718.813,216.673,4101.373,216.743,4187
216.68,3996.833,216.418,3977.087,215.838,3742.96,216.573,3839.287,216.643,4017.073
216.58,4204.72,216.318,3814.533,215.738,3722.053,216.473,3872.593,216.543,4166.533
216.48,4164.127,216.218,4034.78,215.638,3681.527,216.373,3900.02,216.443,4202.647
216.38,4098.573,216.118,3981.273,215.538,3591.913,216.273,3952.1,216.343,4072.193
216.28,3997.693,216.018,3812.52,215.438,3628.507,216.173,3871.953,216.243,3875.607
216.18,4169.427,215.918,3960.033,215.338,3542.033,216.073,3826.673,216.143,3931.64
216.08,3992.187,215.818,3934.993,215.238,3689.453,215.973,3756.113,216.043,3936.053
215.98,3974.367,215.718,3555.253,215.138,3459.127,215.873,3881.413,215.943,3900.38
215.88,4022.8,215.618,3790.513,215.038,3461.433,215.773,3723.38,215.843,3836.373
215.78,4069.38,215.518,3797.42,214.938,3334.22,215.673,3765.42,215.743,3830.707
215.68,3880.293,215.418,3792.72,214.838,3562.307,215.573,3763.78,215.643,3930.047
215.58,3803.227,215.318,3639.88,214.738,3686.54,215.473,3652.393,215.543,3984.513
215.48,3835.747,215.218,3629.087,214.638,3588.633,215.373,3770.32,215.443,3927.413
215.38,3764.8,215.118,3789.6,214.538,3537.773,215.273,3763.7,215.343,4160.553
215.28,3654.34,215.018,3869.207,214.438,3289.44,215.173,3778.053,215.243,3894.833
215.18,3960.02,214.918,3807.827,214.338,3417.593,215.073,3706.84,215.143,3916.18
215.08,4040.647,214.818,3810.327,214.238,3358.927,214.973,3914.88,215.043,3770.173
214.98,3781.807,214.718,3574.473,214.138,3392.953,214.873,4003.7,214.943,3683.993
214.88,3768.913,214.618,3581.927,214.038,3350.987,214.773,3762.793,214.843,3730.46
214.78,3763.653,214.518,3637.64,213.938,3240.113,214.673,3895.393,214.743,3660.607
214.68,3804.147,214.418,3480.453,213.838,3396.267,214.573,3537.68,214.643,3888.433
214.58,3924.66,214.318,3670.307,213.738,3467.373,214.473,3647.193,214.543,3850.293
214.48,3913.587,214.218,3722.6,213.638,3268.4,214.373,3756.013,214.443,3751.247
214.38,3869.127,214.118,3431.207,213.538,3396.28,214.273,3557.633,214.343,3919.073
214.28,3852.907,214.018,3435.467,213.438,3295.933,214.173,3526.873,214.243,3827.647
214.18,3463.707,213.918,3500.193,213.338,3227.627,214.073,3476.953,214.143,3581.34
214.08,3471.393,213.818,3418.88,213.238,3186.187,213.973,3536.453,214.043,3816.1
213.98,3604.687,213.718,3722.48,213.138,3272.773,213.873,3758.153,213.943,3939.253
213.88,3940.28,213.618,3590.513,213.038,3285.587,213.773,3642.047,213.843,3692.033
213.78,3787.067,213.518,3788.613,212.938,3350.8,213.673,3545.893,213.743,3525.053
213.68,3658.027,213.418,3800.473,212.838,3352.053,213.573,3403.427,213.643,3630.42
213.58,3562.02,213.318,3674.913,212.738,3238.753,213.473,3332.18,213.543,3458.733
213.48,3711.82,213.218,3408.513,212.638,3257.46,213.373,3510.28,213.443,3533.933
213.38,3658.193,213.118,3576.693,212.538,3238.72,213.273,3641.553,213.343,3478.087
213.28,3546.393,213.018,3700.393,212.438,3307.333,213.173,3325.553,213.243,3729.233
213.18,3639.427,212.918,3678.387,212.338,3308.593,213.073,3306.753,213.143,3564.847
213.08,3475.18,212.818,3596.76,212.238,3269.66,212.973,3562.773,213.043,3614.827
212.98,3625.26,212.718,3509.467,212.138,3234.033,212.873,3548.173,212.943,3672.387
212.88,3820.353,212.618,3474.6,212.038,3419.193,212.773,3450.58,212.843,3468.96
212.78,3523.68,212.518,3525.54,211.938,3455.973,212.673,3571.74,212.743,3686.127
212.68,3522.727,212.418,3580.26,211.838,3522.6,212.573,3424.52,212.643,3659.087
212.58,3685.907,212.318,3461.18,211.738,3523.747,212.473,3373.24,212.543,3557.68
212.48,3538.3,212.218,3424.693,211.638,3528.787,212.373,3452.393,212.443,3792.907
212.38,3420.34,212.118,3369.493,211.538,3678.427,212.273,3422.713,212.343,3624.253
212.28,3578.773,212.018,3495.387,211.438,4068.76,212.173,3518.513,212.243,3646.313
212.18,3543.127,211.918,3475.62,211.338,4383.953,212.073,3520.18,212.143,3673.333
212.08,3859.887,211.818,3794.473,211.238,4722.667,211.973,3691.227,212.043,3482.427
211.98,3706.827,211.718,3724.707,211.138,5558.167,211.873,3785.8,211.943,3570.607
211.88,3883.38,211.618,3996.747,211.038,6425.28,211.773,3587.387,211.843,3783.14
211.78,3588.367,211.518,4060.287,210.938,7521.8,211.673,3866.393,211.743,3733.533
211.68,4070.04,211.418,4356.007,210.838,8877.667,211.573,4132.48,211.643,4051.8
211.58,4306.78,211.318,4828.653,210.738,10459.67,211.473,4242.007,211.543,4219.093
211.48,4336.433,211.218,5183.413,210.638,12426.33,211.373,4621.453,211.443,4580.8
211.38,4665.487,211.118,5833.38,210.538,14255.53,211.273,4964.847,211.343,4939.387
211.28,5197.687,211.018,6864,210.438,15975.13,211.173,5763.913,211.243,5229.28
211.18,6098.433,210.918,8089.933,210.338,17847.87,211.073,6555.48,211.143,6194.78
211.08,6771.2,210.818,9806.267,210.238,19196.93,210.973,7775.6,211.043,7291.533
210.98,7972.2,210.718,11715.27,210.138,19545.4,210.873,8865.4,210.943,8614.267
210.88,9478.933,210.618,13777.87,210.038,18908.4,210.773,11026.27,210.843,10767.27
210.78,11591.27,210.518,15988.33,209.938,17766.8,210.673,13066.6,210.743,11849.73
210.68,13553.4,210.418,18109.93,209.838,15813.93,210.573,15133.87,210.643,13981.53
210.58,15944.67,210.318,19706.47,209.738,14148.67,210.473,17347.6,210.543,16639.27
210.48,18057.33,210.218,20737.13,209.638,11888.13,210.373,19520.53,210.443,18711.67
210.38,19580,210.118,20884.87,209.538,10313.07,210.273,20447.53,210.343,20017.13
210.28,20930.73,210.018,20067.87,209.438,7949.933,210.173,20818.33,210.243,21180.47
210.18,20993.27,209.918,18593.93,209.338,7072.867,210.073,20500.33,210.143,21344.6
210.08,20511.93,209.818,16861.07,209.238,5710.8,209.973,19344.2,210.043,20552.8
209.98,19627.93,209.718,14549.47,209.138,4964.467,209.873,17610.67,209.943,18961
209.88,17963.4,209.618,11891.2,209.038,4544.927,209.773,15556.6,209.843,17018.53
209.78,15501.07,209.518,10339.73,208.938,4356.433,209.673,13116.13,209.743,14746.8
209.68,13047.4,209.418,7949.067,208.838,4270.987,209.573,11311.47,209.643,12450.67
209.58,10815.2,209.318,6961.333,208.738,4582.673,209.473,9114.333,209.543,10118
209.48,8822.467,209.218,6074.907,208.638,4704.96,209.373,7394.333,209.443,8253.867
209.38,7742.533,209.118,5310.827,208.538,5050.627,209.273,6358.5,209.343,6788.467
209.28,6355.947,209.018,4992.573,208.438,5762.58,209.173,5483.673,209.243,5802.167
209.18,5300.733,208.918,4708.287,208.338,6697.067,209.073,5233.847,209.143,5488.313
209.08,5078.387,208.818,4581.047,208.238,8325.267,208.973,4892.7,209.043,4904
208.98,5084.78,208.718,4965,208.138,10224,208.873,4591.347,208.943,4852.913
208.88,4719.64,208.618,5380.68,208.038,12950,208.773,4842.647,208.843,4787.493
208.78,4903.273,208.518,5490.193,207.938,15766.13,208.673,4923.48,208.743,4706.493
208.68,5029.407,208.418,6562.42,207.838,19320.33,208.573,5383.313,208.643,4988.973
208.58,5558.187,208.318,7505.333,207.738,21137.8,208.473,6147.12,208.543,5757.587
208.48,6446.7,208.218,9267.733,207.638,24639,208.373,7295.8,208.443,6466.213
208.38,7766.867,208.118,12127.93,207.538,26314.4,208.273,8631.2,208.343,7967.333
208.28,9521.133,208.018,14439.2,207.438,27022.2,208.173,11015.67,208.243,9724.467
208.18,11164.13,207.918,17847.27,207.338,27359.07,208.073,13716.27,208.143,12416.4
208.08,14145.6,207.818,21004.27,207.238,25824.07,207.973,16431.2,208.043,15025.67
207.98,17434.67,207.718,24324.07,207.138,23477.93,207.873,20176.07,207.943,18414.67
207.88,21085.8,207.618,27628,207.038,20075.2,207.773,23798.6,207.843,21580.73
207.78,24458.07,207.518,28898.33,206.938,16439.2,207.673,26434.47,207.743,24766.13
207.68,27455.4,207.418,29732.73,206.838,13709.8,207.573,28675.4,207.643,27761.33
207.58,29160.47,207.318,29223.53,206.738,10888.13,207.473,30349.07,207.543,29698.13
207.48,30066.33,207.218,27699.27,206.638,8806.733,207.373,30195.2,207.443,29526.4
207.38,30101.07,207.118,25122.13,206.538,7063.667,207.273,28738.67,207.343,29464.4
207.28,28417.73,207.018,21486.07,206.438,6080.28,207.173,26398.47,207.243,27289.47
207.18,25757.2,206.918,17539.2,206.338,5280.16,207.073,23232.93,207.143,24707.8
207.08,22953,206.818,14279.47,206.238,4222.14,206.973,19379.07,207.043,21303
206.98,19024.4,206.718,11233.07,206.138,4179.613,206.873,15767.47,206.943,18221
206.88,14994.27,206.618,9022.333,206.038,3840.387,206.773,12496.87,206.843,14206.4
206.78,12128.93,206.518,7338.467,205.938,3566.513,206.673,9958.933,206.743,11272.13
206.68,10079.6,206.418,6207.027,205.838,3768.14,206.573,8186.733,206.643,8910.6
206.58,8046.333,206.318,5250.967,205.738,3671.867,206.473,6486.067,206.543,7371.467
206.48,6476.453,206.218,4735.673,205.638,3508.72,206.373,5656.587,206.443,5966.513
206.38,5390.453,206.118,4427.693,205.538,3862.933,206.273,4609.82,206.343,5366.94
206.28,5158.207,206.018,4304.313,205.438,4233.013,206.173,4326.013,206.243,4721.013
206.18,4576.393,205.918,3936.173,205.338,4089.073,206.073,4211.427,206.143,4468.773
206.08,4380.64,205.818,3722.16,205.238,4336.52,205.973,3826.773,206.043,4376.46
205.98,4343.133,205.718,4033.113,205.138,4604.76,205.873,3928.42,205.943,4086.68
205.88,4094.873,205.618,4050.747,205.038,4372.38,205.773,3905.093,205.843,3945.46
205.78,3974.373,205.518,4061.907,204.938,4162.607,205.673,3996.853,205.743,4227.287
205.68,4346.24,205.418,4117.713,204.838,4253.953,205.573,3985.32,205.643,4190.813
205.58,4072.44,205.318,4469.293,204.738,3738.68,205.473,4431.927,205.543,4029.327
205.48,4207.653,205.218,4821.013,204.638,3393.02,205.373,4391.187,205.443,4421.747
205.38,4567.507,205.118,4824.24,204.538,2844.507,205.273,4749.38,205.343,4422.34
205.28,4734.693,205.018,4952.333,204.438,2522.513,205.173,5022.68,205.243,4657.453
205.18,4865.113,204.918,4838.44,204.338,2238.487,205.073,5224.52,205.143,4909.573
205.08,5387.027,204.818,4437.447,204.238,2215.067,204.973,4975.82,205.043,4976.687
204.98,5209.02,204.718,4256.973,204.138,2208.713,204.873,5020.447,204.943,4901.947
204.88,4875.067,204.618,3618.053,204.038,2343.573,204.773,4465.007,204.843,4798.253
204.78,4418.113,204.518,3104.933,203.938,2255.493,204.673,3901.92,204.743,4258.467
204.68,4043.46,204.418,2845.287,203.838,2288.573,204.573,3393.12,204.643,3844.033
204.58,3538.68,204.318,2577.913,203.738,2015.46,204.473,2782.287,204.543,3429.053
204.48,3005.627,204.218,2413.993,203.638,2263.893,204.373,2690.073,204.443,2839.247
204.38,2623.587,204.118,2374.94,203.538,2144.46,204.273,2486.867,204.343,2606.42
204.28,2363.66,204.018,2259.067,203.438,2159.247,204.173,2407.773,204.243,2601.5
204.18,2474.24,203.918,2364.02,203.338,2216.633,204.073,2340.573,204.143,2554.24
204.08,2490.98,203.818,2300.947,203.238,2298.44,203.973,2590.387,204.043,2319.967
203.98,2432.973,203.718,2382.02,203.138,2522.433,203.873,2387.793,203.943,2258.12
203.88,2228.473,203.618,2343.1,203.038,2806.267,203.773,2182.64,203.843,2180.087
203.78,2288.52,203.518,2393.98,202.938,2988.953,203.673,2274.733,203.743,2292.267
203.68,2181.5,203.418,2404.227,202.838,3144.58,203.573,2360.927,203.643,2329.647
203.58,2559.513,203.318,2624.953,202.738,3462.293,203.473,2381.573,203.543,2242.5
203.48,2620.807,203.218,2392.58,202.638,3646.493,203.373,2536.18,203.443,2375.567
203.38,2612.187,203.118,2563.453,202.538,4526.46,203.273,2497.373,203.343,2488.987
203.28,2485.407,203.018,2917.06,202.438,4754.82,203.173,2641.6,203.243,2679.08
203.18,2532.713,202.918,3067.433,202.338,5183.947,203.073,2750.213,203.143,2599.533
203.08,2927.86,202.818,3337.36,202.238,5189.373,202.973,2704.14,203.043,2868.593
202.98,3064.007,202.718,3622.487,202.138,5109.1,202.873,3086.307,202.943,3007.4
202.88,3194.793,202.618,4087.033,202.038,4548.767,202.773,3443.8,202.843,3349.733
202.78,3421.48,202.518,4732.367,201.938,3383.4,202.673,3943.793,202.743,3795.04
202.68,4040.58,202.418,5213.9,201.838,2664.047,202.573,4341.773,202.643,4407.66
202.58,4579.513,202.318,5503.047,201.738,1980.173,202.473,5124.02,202.543,4812.9
202.48,5249.407,202.218,5609.327,201.638,1704.353,202.373,5496.4,202.443,5545.853
202.38,5342.62,202.118,5329.807,201.538,1750.073,202.273,6109.087,202.343,6118.287
202.28,5617.507,202.018,4574.687,201.438,1375.533,202.173,5628.653,202.243,6081.247
202.18,5622.04,201.918,3553.18,201.338,1337.793,202.073,5182.933,202.143,5790.267
202.08,5427.7,201.818,2505.7,201.238,1290.72,201.973,3981.62,202.043,5128.033
201.98,4372.213,201.718,2078.907,201.138,1438.473,201.873,3065.793,201.943,3879.967
201.88,3332.38,201.618,1763.38,201.038,1455.2,201.773,2166.387,201.843,2828.953
201.78,2308.187,201.518,1557.62,200.938,1441.3,201.673,1920.72,201.743,2055.18
201.68,1867.247,201.418,1580.553,200.838,1336.433,201.573,1619.393,201.643,1888.807
201.58,1653.587,201.318,1403.96,200.738,1313.2,201.473,1572.647,201.543,1632.793
201.48,1558.88,201.218,1571.473,200.638,1391.827,201.373,1533.28,201.443,1595.673
201.38,1469.54,201.118,1401.073,200.538,1353.84,201.273,1450.9,201.343,1396.593
201.28,1343.027,201.018,1410.933,200.438,1286.347,201.173,1450.973,201.243,1498.173
201.18,1366.687,200.918,1359.767,200.338,1260.933,201.073,1491.127,201.143,1360.2
201.08,1388.787,200.818,1362.893,200.238,1291.26,200.973,1247.333,201.043,1351.227
200.98,1508.34,200.718,1398.267,200.138,1410.94,200.873,1374.433,200.943,1342.687
200.88,1319.747,200.618,1373.38,200.038,1318.813,200.773,1303.553,200.843,1468.113
200.78,1363.867,200.518,1306.047,199.938,1346.74,200.673,1448.147,200.743,1341.773
200.68,1371.94,200.418,1364.253,199.838,1175.927,200.573,1393.053,200.643,1339.78
200.58,1339.527,200.318,1300.727,199.738,1450.16,200.473,1366.593,200.543,1292.247
200.48,1355.5,200.218,1349.04,199.638,1303.54,200.373,1410.347,200.443,1261.167
200.38,1357.193,200.118,1414.627,199.538,1227.9,200.273,1399.78,200.343,1354.707
200.28,1442.787,200.018,1444.9,199.438,1164.753,200.173,1399.073,200.243,1453.3
200.18,1369.1,199.918,1325.867,199.338,1229.66,200.073,1330.993,200.143,1444.207
200.08,1277.96,199.818,1268.78,199.238,1361.5,199.973,1444.28,200.043,1420.827
199.98,1254.94,199.718,1420.833,199.138,1294.067,199.873,1288.067,199.943,1431.193
199.88,1290.66,199.618,1423.833,199.038,1294.873,199.773,1301.747,199.843,1266.72
199.78,1364.627,199.518,1352.207,198.938,1225.593,199.673,1290.04,199.743,1332.893
199.68,1274.133,199.418,1412.973,198.838,1241.847,199.573,1421.1,199.643,1412.267
199.58,1320.94,199.318,1439.26,198.738,1275.633,199.473,1390.96,199.543,1321.987
199.48,1342.907,199.218,1268.8,198.638,1335.44,199.373,1425.953,199.443,1455.793
199.38,1269.68,199.118,1264.453,198.538,1222.647,199.273,1272.16,199.343,1331.693
199.28,1305.44,199.018,1417.8,198.438,1336.453,199.173,1373.687,199.243,1330.527
199.18,1333.747,198.918,1299.053,198.338,1260.967,199.073,1291.973,199.143,1448.34
199.08,1325.34,198.818,1364.507,198.238,1252.873,198.973,1400.213,199.043,1327.167
198.98,1355.793,198.718,1427.313,198.138,1239.413,198.873,1176.347,198.943,1274.353
198.88,1330.893,198.618,1410.107,198.038,1368.653,198.773,1259.527,198.843,1280.913
198.78,1330.8,198.518,1409.513,197.938,1338.593,198.673,1324.733,198.743,1289.147
198.68,1316.88,198.418,1295.06,197.838,1233,198.573,1277.373,198.643,1201.773
198.58,1385.927,198.318,1244.113,197.738,1281.953,198.473,1370.487,198.543,1271.947
198.48,1370.12,198.218,1264.94,197.638,1266.08,198.373,1404.753,198.443,1362.72
198.38,1226.28,198.118,1282.767,197.538,1198.273,198.273,1268.04,198.343,1319.94
198.28,1427.753,198.018,1388.947,197.438,1172.967,198.173,1310.62,198.243,1274.373
198.18,1282.227,197.918,1391.48,197.338,1284.22,198.073,1338.173,198.143,1318.147
198.08,1187.32,197.818,1234.307,197.238,1213.867,197.973,1286.007,198.043,1475.193
197.98,1386.22,197.718,1119.72,197.138,1383.773,197.873,1344.52,197.943,1360.5
197.88,1308.253,197.618,1401.313,197.038,1329.4,197.773,1359.72,197.843,1278.56
197.78,1220.293,197.518,1449.647,196.938,1264.867,197.673,1332.167,197.743,1410.82
197.68,1346.573,197.418,1384.867,196.838,1252.647,197.573,1358.107,197.643,1316.213
197.58,1327.187,197.318,1212.013,196.738,1284.487,197.473,1346.193,197.543,1336.54
197.48,1327.12,197.218,1318.807,196.638,1321.667,197.373,1451.947,197.443,1394.913
197.38,1224.313,197.118,1343.793,196.538,1239.113,197.273,1447.633,197.343,1389.073
197.28,1207.973,197.018,1435.307,196.438,1291.44,197.173,1473.007,197.243,1424.78
197.18,1143.213,196.918,1295.92,196.338,1314.953,197.073,1446.707,197.143,1318.453
197.08,1245.96,196.818,1307.667,196.238,1366.733,196.973,1333.347,197.043,1261.52
196.98,1158.453,196.718,1407.567,196.138,1325.193,196.873,1388.093,196.943,1338.767
